Workbook

Sheet About
A1: Night Festival Attendance Analysis & Forecast (2023–2026)
A2: Personal side project. Not an official museum forecast or operational target.
A3: All attendance values are an index: 2024 Weekend 3 (Friday + Saturday) = 100. Real visitor counts are not published. Ratios, shares and % errors are unchanged by indexing.
A5: Sheets
A6: Data | B6: Friday and Saturday attendance index by year and festival weekend.
A7: Forecast | B7: Three pre-event models for 2026 Weekend 3; Model 3 was selected and frozen on 1 Sept 2026.
A8: Evaluation | B8: Each model against the actual 2026 Weekend 3 attendance, by day.
A9: Charts | B9: Weekend 2 by year, and Weekend 3 actuals vs the 2026 forecast.
A11: Blue values are inputs (data). Black values are formulas.
A12: Data limitation: 2024 Weekend 1 Friday is missing, and 2023 has Weekends 1–2 only. Comparisons use matching Friday/Saturday observations only.

Sheet Data
A1: Year | B1: Weekend | C1: Day | D1: Attendance index
A2: 2023 | B2: 1 | C2: Friday | D2: 23.8
A3: 2023 | B3: 1 | C3: Saturday | D3: 39.2
A4: 2023 | B4: 2 | C4: Friday | D4: 55.1
A5: 2023 | B5: 2 | C5: Saturday | D5: 41.6
A6: 2024 | B6: 1 | C6: Friday
A7: 2024 | B7: 1 | C7: Saturday | D7: 62.3
A8: 2024 | B8: 2 | C8: Friday | D8: 52.4
A9: 2024 | B9: 2 | C9: Saturday | D9: 50.9
A10: 2024 | B10: 3 | C10: Friday | D10: 45.2
A11: 2024 | B11: 3 | C11: Saturday | D11: 54.8
A12: 2025 | B12: 1 | C12: Friday | D12: 18.2
A13: 2025 | B13: 1 | C13: Saturday | D13: 41.2
A14: 2025 | B14: 2 | C14: Friday | D14: 30.4
A15: 2025 | B15: 2 | C15: Saturday | D15: 55.1
A16: 2025 | B16: 3 | C16: Friday | D16: 35.4
A17: 2025 | B17: 3 | C17: Saturday | D17: 51.9
A18: 2026 | B18: 1 | C18: Friday | D18: 21
... A23: 2026 | B23: 3 | C23: Saturday | D23: 36.6

Sheet Forecast
A1: 2026 Weekend 3 forecast
A2: Data available through 2026 Weekend 2. Forecast frozen 1 Sept 2026, before the event.
A4: Model 1: Weekend 3 ÷ Weekend 2 ratio (2024–2025 average), applied to 2026 Weekend 2
A5: Day | B5: 2024 ratio | C5: 2025 ratio | D5: Average ratio | E5: 2026 W2 | F5: 2026 W3 forecast
A6: Friday | B6: =SUMIFS(Data!$D$2:$D$23,Data!$A$2:$A$23,2024,Data!$B$2:$B$23,3,Data!$C$2:$C$23,"Friday")/SUMIFS(Data!$D$2:$D$23,Data!$A$2:$A$23,2024,Data!$B$2:$B$23,2,Data!$C$2:$C$23,"Friday") -> 0.86259542 | C6: =SUMIFS(Data!$D$2:$D$23,Data!$A$2:$A$23,2025,Data!$B$2:$B$23,3,Data!$C$2:$C$23,"Friday")/SUMIFS(Data!$D$2:$D$23,Data!$A$2:$A$23,2025,Data!$B$2:$B$23,2,Data!$C$2:$C$23,"Friday") -> 1.1644737 | D6: =AVERAGE(B6:C6) -> 1.0135346 | E6: =SUMIFS(Data!$D$2:$D$23,Data!$A$2:$A$23,2026,Data!$B$2:$B$23,2,Data!$C$2:$C$23,"Friday") -> 21 | F6: =E6*D6 -> 21.284226
A7: Saturday | B7: =SUMIFS(Data!$D$2:$D$23,Data!$A$2:$A$23,2024,Data!$B$2:$B$23,3,Data!$C$2:$C$23,"Saturday")/SUMIFS(Data!$D$2:$D$23,Data!$A$2:$A$23,2024,Data!$B$2:$B$23,2,Data!$C$2:$C$23,"Saturday") -> 1.0766208 | C7: =SUMIFS(Data!$D$2:$D$23,Data!$A$2:$A$23,2025,Data!$B$2:$B$23,3,Data!$C$2:$C$23,"Saturday")/SUMIFS(Data!$D$2:$D$23,Data!$A$2:$A$23,2025,Data!$B$2:$B$23,2,Data!$C$2:$C$23,"Saturday") -> 0.94192377 | D7: =AVERAGE(B7:C7) -> 1.0092723 | E7: =SUMIFS(Data!$D$2:$D$23,Data!$A$2:$A$23,2026,Data!$B$2:$B$23,2,Data!$C$2:$C$23,"Saturday") -> 45 | F7: =E7*D7 -> 45.417254
A8: Total | F8: =SUM(F6:F7) -> 66.701479
A10: Model 2: year-to-date scaling (2026 vs 2025 through Weekend 2), applied to 2025 Weekend 3
A11: 2025 through W2 | B11: =SUMIFS(Data!$D$2:$D$23,Data!$A$2:$A$23,2025,Data!$B$2:$B$23,1,Data!$C$2:$C$23,"Friday")+SUMIFS(Data!$D$2:$D$23,Data!$A$2:$A$23,2025,Data!$B$2:$B$23,1,Data!$C$2:$C$23,"Saturday")+SUMIFS(Data!$D$2:$D$23,Data!$A$2:$A$23,2025,Data!$B$2:$B$23,2,Data!$C$2:$C$23,"Friday")+SUMIFS(Data!$D$2:$D$23,Data!$A$2:$A$23,2025,Data!$B$2:$B$23,2,Data!$C$2:$C$23,"Saturday") -> 144.9
A12: 2026 through W2 | B12: =SUMIFS(Data!$D$2:$D$23,Data!$A$2:$A$23,2026,Data!$B$2:$B$23,1,Data!$C$2:$C$23,"Friday")+SUMIFS(Data!$D$2:$D$23,Data!$A$2:$A$23,2026,Data!$B$2:$B$23,1,Data!$C$2:$C$23,"Saturday")+SUMIFS(Data!$D$2:$D$23,Data!$A$2:$A$23,2026,Data!$B$2:$B$23,2,Data!$C$2:$C$23,"Friday")+SUMIFS(Data!$D$2:$D$23,Data!$A$2:$A$23,2026,Data!$B$2:$B$23,2,Data!$C$2:$C$23,"Saturday") -> 125
A13: YTD multiplier | B13: =B12/B11 -> 0.86266391
A14: Day | B14: 2025 W3 | C14: YTD multiplier | D14: 2026 W3 forecast
A15: Friday | B15: =SUMIFS(Data!$D$2:$D$23,Data!$A$2:$A$23,2025,Data!$B$2:$B$23,3,Data!$C$2:$C$23,"Friday") -> 35.4 | C15: =$B$13 -> 0.86266391 | D15: =B15*C15 -> 30.538302
A16: Saturday | B16: =SUMIFS(Data!$D$2:$D$23,Data!$A$2:$A$23,2025,Data!$B$2:$B$23,3,Data!$C$2:$C$23,"Saturday") -> 51.9 | C16: =$B$13 -> 0.86266391 | D16: =B16*C16 -> 44.772257
A17: Total | D17: =SUM(D15:D16) -> 75.310559
A19: Model 3 (selected): historical share pattern. Weekend 2 is ~50% of the W2+W3 total; W3 Friday and Saturday take their average shares
A20: Share of W2+W3 total | B20: 2024 | C20: 2025 | D20: Average
A21: Weekend 2 | B21: =(SUMIFS(Data!$D$2:$D$23,Data!$A$2:$A$23,2024,Data!$B$2:$B$23,2,Data!$C$2:$C$23,"Friday")+SUMIFS(Data!$D$2:$D$23,Data!$A$2:$A$23,2024,Data!$B$2:$B$23,2,Data!$C$2:$C$23,"Saturday"))/(SUMIFS(Data!$D$2:$D$23,Data!$A$2:$A$23,2024,Data!$B$2:$B$23,2,Data!$C$2:$C$23,"Friday")+SUMIFS(Data!$D$2:$D$23,Data!$A$2:$A$23,2024,Data!$B$2:$B$23,2,Data!$C$2:$C$23,"Saturday")+SUMIFS(Data!$D$2:$D$23,Data!$A$2:$A$23,2024,Data!$B$2:$B$23,3,Data!$C$2:$C$23,"Friday")+SUMIFS(Data!$D$2:$D$23,Data!$A$2:$A$23,2024,Data!$B$2:$B$23,3,Data!$C$2:$C$23,"Saturday")) -> 0.50811608 | C21: =(SUMIFS(Data!$D$2:$D$23,Data!$A$2:$A$23,2025,Data!$B$2:$B$23,2,Data!$C$2:$C$23,"Friday")+SUMIFS(Data!$D$2:$D$23,Data!$A$2:$A$23,2025,Data!$B$2:$B$23,2,Data!$C$2:$C$23,"Saturday"))/(SUMIFS(Data!$D$2:$D$23,Data!$A$2:$A$23,2025,Data!$B$2:$B$23,2,Data!$C$2:$C$23,"Friday")+SUMIFS(Data!$D$2:$D$23,Data!$A$2:$A$23,2025,Data!$B$2:$B$23,2,Data!$C$2:$C$23,"Saturday")+SUMIFS(Data!$D$2:$D$23,Data!$A$2:$A$23,2025,Data!$B$2:$B$23,3,Data!$C$2:$C$23,"Friday")+SUMIFS(Data!$D$2:$D$23,Data!$A$2:$A$23,2025,Data!$B$2:$B$23,3,Data!$C$2:$C$23,"Saturday")) -> 0.49479167 | D21: =AVERAGE(B21:C21) -> 0.50145388
A22: W3 Friday | B22: =SUMIFS(Data!$D$2:$D$23,Data!$A$2:$A$23,2024,Data!$B$2:$B$23,3,Data!$C$2:$C$23,"Friday")/(SUMIFS(Data!$D$2:$D$23,Data!$A$2:$A$23,2024,Data!$B$2:$B$23,2,Data!$C$2:$C$23,"Friday")+SUMIFS(Data!$D$2:$D$23,Data!$A$2:$A$23,2024,Data!$B$2:$B$23,2,Data!$C$2:$C$23,"Saturday")+SUMIFS(Data!$D$2:$D$23,Data!$A$2:$A$23,2024,Data!$B$2:$B$23,3,Data!$C$2:$C$23,"Friday")+SUMIFS(Data!$D$2:$D$23,Data!$A$2:$A$23,2024,Data!$B$2:$B$23,3,Data!$C$2:$C$23,"Saturday")) -> 0.22233153 | C22: =SUMIFS(Data!$D$2:$D$23,Data!$A$2:$A$23,2025,Data!$B$2:$B$23,3,Data!$C$2:$C$23,"Friday")/(SUMIFS(Data!$D$2:$D$23,Data!$A$2:$A$23,2025,Data!$B$2:$B$23,2,Data!$C$2:$C$23,"Friday")+SUMIFS(Data!$D$2:$D$23,Data!$A$2:$A$23,2025,Data!$B$2:$B$23,2,Data!$C$2:$C$23,"Saturday")+SUMIFS(Data!$D$2:$D$23,Data!$A$2:$A$23,2025,Data!$B$2:$B$23,3,Data!$C$2:$C$23,"Friday")+SUMIFS(Data!$D$2:$D$23,Data!$A$2:$A$23,2025,Data!$B$2:$B$23,3,Data!$C$2:$C$23,"Saturday")) -> 0.20486111 | D22: =AVERAGE(B22:C22) -> 0.21359632
A23: W3 Saturday | B23: =SUMIFS(Data!$D$2:$D$23,Data!$A$2:$A$23,2024,Data!$B$2:$B$23,3,Data!$C$2:$C$23,"Saturday")/(SUMIFS(Data!$D$2:$D$23,Data!$A$2:$A$23,2024,Data!$B$2:$B$23,2,Data!$C$2:$C$23,"Friday")+SUMIFS(Data!$D$2:$D$23,Data!$A$2:$A$23,2024,Data!$B$2:$B$23,2,Data!$C$2:$C$23,"Saturday")+SUMIFS(Data!$D$2:$D$23,Data!$A$2:$A$23,2024,Data!$B$2:$B$23,3,Data!$C$2:$C$23,"Friday")+SUMIFS(Data!$D$2:$D$23,Data!$A$2:$A$23,2024,Data!$B$2:$B$23,3,Data!$C$2:$C$23,"Saturday")) -> 0.26955239 | C23: =SUMIFS(Data!$D$2:$D$23,Data!$A$2:$A$23,2025,Data!$B$2:$B$23,3,Data!$C$2:$C$23,"Saturday")/(SUMIFS(Data!$D$2:$D$23,Data!$A$2:$A$23,2025,Data!$B$2:$B$23,2,Data!$C$2:$C$23,"Friday")+SUMIFS(Data!$D$2:$D$23,Data!$A$2:$A$23,2025,Data!$B$2:$B$23,2,Data!$C$2:$C$23,"Saturday")+SUMIFS(Data!$D$2:$D$23,Data!$A$2:$A$23,2025,Data!$B$2:$B$23,3,Data!$C$2:$C$23,"Friday")+SUMIFS(Data!$D$2:$D$23,Data!$A$2:$A$23,2025,Data!$B$2:$B$23,3,Data!$C$2:$C$23,"Saturday")) -> 0.30034722 | D23: =AVERAGE(B23:C23) -> 0.2849498
A24: Total | B24: =SUM(B21:B23) -> 1 | C24: =SUM(C21:C23) -> 1 | D24: =SUM(D21:D23) -> 1
A26: 2026 Weekend 2 actual | B26: =SUMIFS(Data!$D$2:$D$23,Data!$A$2:$A$23,2026,Data!$B$2:$B$23,2,Data!$C$2:$C$23,"Friday")+SUMIFS(Data!$D$2:$D$23,Data!$A$2:$A$23,2026,Data!$B$2:$B$23,2,Data!$C$2:$C$23,"Saturday") -> 66
A27: Implied W2+W3 total | B27: =B26/D21 -> 131.61729
A28: Day | B28: Share used | C28: 2026 W3 forecast
A29: Friday | B29: =D22 -> 0.21359632 | C29: =$B$27*B29 -> 28.112969
A30: Saturday | B30: =D23 -> 0.2849498 | C30: =$B$27*B30 -> 37.504321
A31: Total | C31: =SUM(C29:C30) -> 65.61729
A33: Why Model 3: it uses both days of the latest weekend (2026 W2) and the full W2-to-W3 pattern, rather than one day or last year alone.

Sheet Evaluation
A1: Forecast vs actual: 2026 Weekend 3
A2: Positive error = over-forecast.
A4: Model | B4: Friday forecast | C4: Saturday forecast | D4: Total forecast | E4: Actual total | F4: Error | G4: Error % | H4: Friday error | I4: Saturday error | J4: Friday share of error
A5: Actual | B5: =SUMIFS(Data!$D$2:$D$23,Data!$A$2:$A$23,2026,Data!$B$2:$B$23,3,Data!$C$2:$C$23,"Friday") -> 20 | C5: =SUMIFS(Data!$D$2:$D$23,Data!$A$2:$A$23,2026,Data!$B$2:$B$23,3,Data!$C$2:$C$23,"Saturday") -> 36.6 | D5: =B5+C5 -> 56.6
A6: Model 1: W3÷W2 ratio | B6: =Forecast!F6 -> 21.284226 | C6: =Forecast!F7 -> 45.417254 | D6: =B6+C6 -> 66.701479 | E6: =$D$5 -> 56.6 | F6: =D6-E6 -> 10.101479 | G6: =F6/E6 -> 0.17847136 | H6: =B6-$B$5 -> 1.2842256 | I6: =C6-$C$5 -> 8.8172535 | J6: =IF(F6=0,0,H6/F6) -> 0.12713243
A7: Model 2: YTD scaling | B7: =Forecast!D15 -> 30.538302 | C7: =Forecast!D16 -> 44.772257 | D7: =B7+C7 -> 75.310559 | E7: =$D$5 -> 56.6 | F7: =D7-E7 -> 18.710559 | G7: =F7/E7 -> 0.33057525 | H7: =B7-$B$5 -> 10.538302 | I7: =C7-$C$5 -> 8.1722567 | J7: =IF(F7=0,0,H7/F7) -> 0.56322755
A8: Model 3: share pattern (selected) | B8: =Forecast!C29 -> 28.112969 | C8: =Forecast!C30 -> 37.504321 | D8: =B8+C8 -> 65.61729 | E8: =$D$5 -> 56.6 | F8: =D8-E8 -> 9.0172897 | G8: =F8/E8 -> 0.15931607 | H8: =B8-$B$5 -> 8.1129688 | I8: =C8-$C$5 -> 0.90432088 | J8: =IF(F8=0,0,H8/F8) -> 0.89971256
A10: Finding: the selected model over-forecast Weekend 3 by 15.9%, and about 90% of that error came from Friday.
A11: Why: 2026 Fridays ran far below earlier years, while the model used 2024–2025 Friday shares (2024 was a strong Friday year).
A12: Friday share of W2+W3 total
A13: Year | B13: W3 Friday share
A14: 2024 | B14: =Forecast!B22 -> 0.22233153
A15: 2025 | B15: =Forecast!C22 -> 0.20486111
A16: 2026 (actual) | B16: =SUMIFS(Data!$D$2:$D$23,Data!$A$2:$A$23,2026,Data!$B$2:$B$23,3,Data!$C$2:$C$23,"Friday")/(SUMIFS(Data!$D$2:$D$23,Data!$A$2:$A$23,2026,Data!$B$2:$B$23,2,Data!$C$2:$C$23,"Friday")+SUMIFS(Data!$D$2:$D$23,Data!$A$2:$A$23,2026,Data!$B$2:$B$23,2,Data!$C$2:$C$23,"Saturday")+SUMIFS(Data!$D$2:$D$23,Data!$A$2:$A$23,2026,Data!$B$2:$B$23,3,Data!$C$2:$C$23,"Friday")+SUMIFS(Data!$D$2:$D$23,Data!$A$2:$A$23,2026,Data!$B$2:$B$23,3,Data!$C$2:$C$23,"Saturday")) -> 0.16313214
A18: Next time: weight recent years more, and model Friday and Saturday trends separately.

Sheet Charts
A1: Weekend 2 | B1: Friday | C1: Saturday
A2: 2023 | B2: =SUMIFS(Data!$D$2:$D$23,Data!$A$2:$A$23,2023,Data!$B$2:$B$23,2,Data!$C$2:$C$23,"Friday") -> 55.1 | C2: =SUMIFS(Data!$D$2:$D$23,Data!$A$2:$A$23,2023,Data!$B$2:$B$23,2,Data!$C$2:$C$23,"Saturday") -> 41.6
A3: 2024 | B3: =SUMIFS(Data!$D$2:$D$23,Data!$A$2:$A$23,2024,Data!$B$2:$B$23,2,Data!$C$2:$C$23,"Friday") -> 52.4 | C3: =SUMIFS(Data!$D$2:$D$23,Data!$A$2:$A$23,2024,Data!$B$2:$B$23,2,Data!$C$2:$C$23,"Saturday") -> 50.9
A4: 2025 | B4: =SUMIFS(Data!$D$2:$D$23,Data!$A$2:$A$23,2025,Data!$B$2:$B$23,2,Data!$C$2:$C$23,"Friday") -> 30.4 | C4: =SUMIFS(Data!$D$2:$D$23,Data!$A$2:$A$23,2025,Data!$B$2:$B$23,2,Data!$C$2:$C$23,"Saturday") -> 55.1
A5: 2026 | B5: =SUMIFS(Data!$D$2:$D$23,Data!$A$2:$A$23,2026,Data!$B$2:$B$23,2,Data!$C$2:$C$23,"Friday") -> 21 | C5: =SUMIFS(Data!$D$2:$D$23,Data!$A$2:$A$23,2026,Data!$B$2:$B$23,2,Data!$C$2:$C$23,"Saturday") -> 45
A20: Weekend 3 | B20: Friday | C20: Saturday
A21: 2024 actual | B21: =SUMIFS(Data!$D$2:$D$23,Data!$A$2:$A$23,2024,Data!$B$2:$B$23,3,Data!$C$2:$C$23,"Friday") -> 45.2 | C21: =SUMIFS(Data!$D$2:$D$23,Data!$A$2:$A$23,2024,Data!$B$2:$B$23,3,Data!$C$2:$C$23,"Saturday") -> 54.8
A22: 2025 actual | B22: =SUMIFS(Data!$D$2:$D$23,Data!$A$2:$A$23,2025,Data!$B$2:$B$23,3,Data!$C$2:$C$23,"Friday") -> 35.4 | C22: =SUMIFS(Data!$D$2:$D$23,Data!$A$2:$A$23,2025,Data!$B$2:$B$23,3,Data!$C$2:$C$23,"Saturday") -> 51.9
A23: 2026 forecast | B23: =Forecast!C29 -> 28.112969 | C23: =Forecast!C30 -> 37.504321
A24: 2026 actual | B24: =SUMIFS(Data!$D$2:$D$23,Data!$A$2:$A$23,2026,Data!$B$2:$B$23,3,Data!$C$2:$C$23,"Friday") -> 20 | C24: =SUMIFS(Data!$D$2:$D$23,Data!$A$2:$A$23,2026,Data!$B$2:$B$23,3,Data!$C$2:$C$23,"Saturday") -> 36.6
